stag,event,age,extraversion,independ,selfcontrol,anxiety,novator
7.030800821,1,35,6.2,4.1,5.7,7.1,8.3
22.9650924,1,33,6.2,4.1,5.7,7.1,8.3
15.93429158,1,35,6.2,6.2,2.6,4.8,8.3
15.93429158,1,35,5.4,7.6,4.9,2.5,6.7
8.410677618,1,32,3,4.1,8,7.1,3.7
8.969199179,1,42,6.2,6.2,4.1,5.6,6.7
8.969199179,1,42,6.2,6.2,4.1,5.6,6.7
120.4435318,1,28,3.8,5.5,8,4,4.4
8.607802875,1,29,8.6,6.9,2.6,4,7.5
4.435318275,1,30,5.4,5.5,3.3,7.9,8.3
67.35112936,1,40,8.6,4.1,1.8,7.1,6.7
20.92813142,1,23,3,6.9,4.9,4.8,7.5
20.92813142,1,22,5.4,8.4,4.9,3.3,6
8.936344969,1,24,7,6.2,4.1,7.1,9
33.57700205,1,25,9.4,1.2,4.1,5.6,6.7
16.39425051,1,28,8.6,5.5,4.9,4.8,5.2
15.34291581,1,30,5.4,5.5,3.3,4.8,6.7
26.4476386,1,27,5.4,6.9,2.6,5.6,8.3
14.71868583,1,36,5.4,6.9,3.3,3.3,7.5
45.37166324,1,29,7.8,6.2,6.4,7.9,6
45.37166324,1,29,3.8,3.4,5.7,8.7,7.5
36.96098563,1,48,4.6,6.2,4.9,5.6,6.7
22.47227926,1,29,7.8,4.8,5.7,7.1,6
59.20328542,1,25,5.4,4.8,7.2,5.6,5.2
59.20328542,1,25,4.6,4.1,8.7,5.6,2.1
12.38603696,1,36,7.8,6.9,3.3,3.3,7.5
24.3449692,1,36,7.8,2.6,5.7,7.1,5.2
11.95893224,1,29,3.8,1.9,9.5,7.9,3.7
3.252566735,1,35,3,7.6,7.2,4,7.5
3.252566735,1,35,1.4,8.4,8,4.8,6
14.58726899,1,21,8.6,4.1,4.9,5.6,6
16.91991786,1,35,4.6,3.4,4.1,8.7,4.4
28.15605749,1,25,3.8,6.9,6.4,7.1,7.5
60.94455852,1,30.40033257,7,6.2,4.1,2.5,6.7
87.68788501,1,29,7,6.2,4.1,4,9
43.4661191,1,22,3,4.1,8.7,7.1,6
22.73511294,1,34,5.4,5.5,4.9,4.8,4.4
22.73511294,1,34,6.2,6.2,4.9,3.3,2.9
22.73511294,1,34,5.4,5.5,4.9,4.8,4.4
22.73511294,1,34,6.2,6.2,4.9,3.3,2.9
13.07597536,1,21,5.4,7.6,4.9,3.3,2.1
7.589322382,1,22,7,4.8,6.4,4,4.4
36.23819302,1,32,3,7.6,7.2,4.8,2.9
19.08829569,1,36,4.6,7.6,5.7,5.6,8.3
4.369609856,1,30,6.2,3.4,8,3.3,3.7
80.98562628,1,32,3.8,6.2,8,4,6
9.100616016,1,33,7,4.8,4.1,7.1,8.3
36.92813142,1,49,4.6,6.2,4.9,5.6,6.7
3.975359343,1,29,7.8,5.5,5.7,4,5.2
3.975359343,1,29,6.2,6.2,5.7,6.3,2.9
3.975359343,1,29,7,6.2,5.7,4,3.7
7.589322382,1,36,4.6,4.8,7.2,6.3,7.5
95.21149897,1,22,8.6,4.8,4.9,4,6.7
41.69199179,1,21,7.8,5.5,2.6,7.1,9
14.9486653,1,25,8.6,6.2,3.3,6.3,6
50.72689938,1,38,6.2,3.4,7.2,6.3,3.7
50.72689938,1,38,7,5.5,5.7,6.3,6
35.28542094,1,23,10,4.8,4.1,5.6,8.3
35.28542094,1,23,8.6,4.8,4.1,6.3,9
35.94250513,1,38,8.6,3.4,6.4,4,6
15.57289528,1,24,6.2,7.6,3.3,3.3,6.7
15.57289528,1,24,6.2,7.6,3.3,3.3,6.7
52.96098563,1,36,4.6,4.1,8,5.6,6
7.819301848,1,21,4.6,5.5,7.2,3.3,5.2
81.83983573,1,29,3.8,6.9,6.4,5.6,8.3
55.72073922,1,29,7,6.2,4.1,4,4.4
4.336755647,1,26,3.8,4.8,5.7,7.9,2.9
18.95687885,1,36,6.2,4.1,6.4,6.3,5.2
18.95687885,1,36,8.6,2.6,7.2,4.8,4.4
53.81519507,1,30.40033257,4.6,9.1,4.1,4,6
90.51334702,1,22,6.2,5.5,3.3,6.3,6.7
40.57494867,1,29,6.2,4.8,6.4,5.6,5.2
59.49897331,1,23,7,5.5,3.3,6.3,5.2
6.603696099,1,22,7.8,5.5,1,9.4,9
44.78028747,1,36,7.8,4.8,4.9,5.6,9
6.669404517,1,27,6.2,5.5,6.4,4,4.4
15.70431211,0,34,8.6,5.5,4.1,5.6,6.7
15.70431211,0,34,8.6,3.4,4.1,7.1,6
15.70431211,0,34,7.8,4.1,4.1,7.1,6.7
59.20328542,1,25,5.4,4.8,7.2,5.6,5.2
59.20328542,1,25,4.6,4.1,8.7,5.6,2.1
17.3798768,1,24,5.4,6.9,4.9,4,6.7
38.86652977,1,27,5.4,6.9,2.6,5.6,8.3
7.950718686,1,34,7,6.2,7.2,2.5,5.2
7.950718686,1,34,8.6,6.9,5.7,3.3,4.4
96.52566735,1,24,6.2,4.8,7.2,4,6.7
86.53798768,1,23,3.8,6.9,8,1.7,2.1
52.862423,1,38,4.6,5.5,7.2,6.3,7.5
17.57700205,1,25,6.2,6.2,5.7,5.6,7.5
17.57700205,1,25,6.2,7.6,4.1,4.8,9
25.06776181,1,28,6.2,4.8,4.1,4,6.7
86.83367556,1,29,7,5.5,1.8,6.3,6
13.10882957,1,26,6.2,4.1,4.9,6.3,2.9
26.18480493,1,21,4.6,6.9,4.1,5.6,6
9.626283368,1,25,5.4,6.9,5.7,3.3,2.9
9.889117043,1,25,5.4,6.9,5.7,3.3,2.9
3.351129363,1,24,4.6,6.9,5.7,5.6,2.9
15.3100616,1,31,2.2,1,8,8.7,3.7
80.06570842,1,45,3,5.5,10,6.3,2.9
16.78850103,1,21,7,6.9,5.7,4,5.2
19.44969199,1,22,5.4,6.2,4.1,8.7,8.3
9.034907598,1,37,3.8,7.6,4.9,7.1,9
18.49691992,1,32,7.8,6.2,3.3,4,8.3
53.19096509,1,37,7,4.8,5.7,6.3,8.3
42.57905544,1,30,6.2,6.2,5.7,5.6,8.3
23.6550308,1,37,6.2,5.5,5.7,6.3,9
41.29774127,1,22,3.8,1.9,8.7,6.3,4.4
41.29774127,1,22,5.4,2.6,8,7.1,5.2
123.3347023,1,22,4.6,4.8,6.4,7.1,6
123.3347023,1,22,4.6,6.2,6.4,4,6.7
13.17453799,1,28,8.6,6.2,1,5.6,6.7
13.17453799,1,28,7,6.2,2.6,5.6,8.3
14.85010267,1,25,6.2,5.5,5.7,5.6,4.4
24.24640657,1,23,3.8,7.6,7.2,2.5,4.4
12.09034908,1,25,7,4.8,4.9,5.6,6
11.49897331,1,26,4.6,6.2,5.7,4,6
11.49897331,1,26,4.6,5.5,6.4,5.6,5.2
27.36755647,1,30,7,4.8,1.8,8.7,6.7
15.54004107,1,38,6.2,4.1,1.8,8.7,8.3
4.960985626,1,37,9.4,4.1,4.9,4,8.3
19.8110883,1,26,5.4,4.8,8.7,5.6,2.9
103.3921971,1,27,3.8,4.8,9.5,6.3,3.7
3.975359343,1,29,7.8,5.5,5.7,4,5.2
3.975359343,1,29,6.2,6.2,5.7,6.3,2.9
3.975359343,1,29,7,6.2,5.7,4,3.7
70.93223819,1,26,3.8,5.5,8.7,3.3,3.7
70.93223819,1,26,3,6.9,6.4,3.3,2.9
51.94250513,1,49,6.2,8.4,3.3,3.3,6
38.76796715,1,21,7.8,6.2,2.6,5.6,9
38.76796715,1,21,7,3.4,3.3,7.1,8.3
34.95687885,1,26,4.6,3.4,8.7,7.9,7.5
49.3798768,1,22,5.4,6.9,6.4,4,4.4
25.65913758,1,51,3,5.5,9.5,5.6,5.2
50.72689938,1,28,7.8,3.4,6.4,4,4.4
22.07802875,1,52,3,9.1,4.9,6.3,6.7
11.07186858,1,43,4.6,5.5,3.3,7.9,7.5
50.59548255,1,44,7,6.9,4.9,3.3,6
17.41273101,1,45,3.8,4.1,7.2,5.6,3.7
24.41067762,1,27,3.8,9.8,4.1,4,9
23.88501027,1,26,7,5.5,4.1,4.8,7.5
20.04106776,1,25,9.4,3.4,1.8,8.7,7.5
150.9979466,1,19,7,3.4,5.7,7.9,6.7
10.7761807,1,31,9.4,3.4,1,8.7,9.8
78.68583162,1,31,3.8,4.1,7.2,8.7,2.1
78.68583162,1,31,3.8,4.1,7.2,8.7,2.1
81.18275154,1,31,6.2,4.8,8.7,6.3,5.2
13.40451745,1,30.40033257,6.2,4.1,6.4,6.3,1
13.40451745,1,30.40033257,7,6.9,4.1,6.3,3.7
142.4558522,1,18,6.2,5.5,6.4,4.8,5.2
10.94045175,1,33,3,10,5.7,6.3,8.3
12.05749487,1,36,5.4,4.8,4.9,4.8,6
54.07802875,1,31,3,5.5,7.2,5.6,6
5.650924025,1,45,7.8,4.8,4.1,4,6
19.84394251,1,29,8.6,6.9,4.9,3.3,6
79.86858316,1,23,5.4,5.5,5.7,8.7,5.2
8.772073922,1,27,6.2,4.8,6.4,6.3,2.9
19.18685832,1,22,8.6,4.1,4.9,4.8,5.2
7.589322382,1,47,3.8,1.9,8.7,8.7,2.1
7.589322382,1,47,4.6,4.1,5.7,9.4,3.7
7.589322382,1,47,3,5.5,4.9,9.4,4.4
10.84188912,1,30.40033257,7.8,5.5,4.9,7.1,6
51.08829569,1,28,4.6,6.9,4.9,4,6
128.0657084,0,43,4.6,7.6,4.9,5.6,6
28.35318275,1,26,8.6,5.5,4.1,7.1,6.7
4.533880903,1,31,5.4,5.5,7.2,4.8,1.3
17.93839836,1,24,4.6,7.6,6.4,4.8,6.7
23.45790554,1,27,3.8,9.8,4.1,4,9
16.22997947,1,35,6.2,5.5,5.7,4,2.9
16.22997947,1,35,7,4.8,2.6,5.6,6
71.2936345,1,31,5.4,4.1,6.4,4.8,4.4
9.527720739,1,23,7,4.1,6.4,4.8,5.2
17.01848049,1,40,5.4,4.1,4.9,6.3,7.5
130.9897331,1,31,5.4,6.9,3.3,4,8.3
37.09240246,1,37,6.2,6.2,6.4,5.6,5.2
0.427104723,1,24,8.6,4.1,4.9,3.3,6
12.8788501,1,23,5.4,8.4,4.1,4.8,6
12.8788501,1,23,7.8,5.5,4.1,4.8,5.2
8.147843943,1,46,4.6,7.6,6.4,4,6
7.326488706,1,23,6.2,4.8,5.7,3.3,3.7
17.93839836,1,40,3,8.4,7.2,4.8,8.3
14.6201232,1,39,3.8,4.8,5.7,7.9,3.7
16,1,28,3,5.5,6.4,5.6,3.7
32.45995893,1,40,5.4,3.4,5.7,7.9,9.8
73.49486653,1,33,2.2,6.2,6.4,6.3,5.2
73.49486653,1,33,3.8,4.1,8,6.3,4.4
11.8275154,1,24,7.8,6.2,4.9,1.7,3.7
46.35728953,1,38,6.2,4.1,4.9,5.6,6.7
52.50102669,1,35,5.4,4.8,4.1,7.9,7.5
14.98151951,1,33,4.6,4.8,7.2,7.9,6
26.21765914,1,36,3,6.9,6.4,4.8,6
26.21765914,1,36,2.2,6.9,8,6.3,3.7
26.21765914,1,36,3,6.9,7.2,4.8,5.2
29.07597536,1,22,9.4,4.1,4.1,4.8,9
33.3798768,1,38,7.8,2.6,5.7,7.1,5.2
5.848049281,1,23,4.6,6.9,7.2,5.6,4.4
5.848049281,1,23,6.2,4.8,4.9,4.8,3.7
77.53593429,1,24,6.2,5.5,5.7,3.3,2.1
166.275154,1,26,3,5.5,5.7,7.1,6.7
107.1704312,1,33,5.4,1,9.5,9.4,5.2
19.44969199,1,40,6.2,3.4,8,3.3,3.7
8.640657084,1,23,3.8,4.1,8.7,4,2.9
13.66735113,1,27,8.6,4.8,7.2,4,3.7
6.275154004,1,24,5.4,6.2,4.1,6.3,9.8
23.19507187,1,30,5.4,7.6,2.6,5.6,6
16.32854209,1,37,4.6,7.6,5.7,5.6,8.3
26.11909651,1,31,3,7.6,4.9,5.6,5.2
35.38398357,1,31,3.8,10,3.3,3.3,6.7
25.98767967,1,23,1.4,2.6,9.5,8.7,2.1
3.58110883,1,40,7.8,5.5,2.6,6.3,8.3
3.58110883,1,40,8.6,5.5,3.3,6.3,7.5
3.58110883,1,40,7,6.9,4.1,5.6,7.5
1.708418891,1,37,4.6,2.6,8.7,4,2.9
25.23203285,1,30,4.6,2.6,7.2,6.3,5.2
13.8973306,1,38,3,9.1,4.1,4.8,6
63.11293634,1,32,3,4.8,4.1,7.1,7.5
11.30184805,1,34,9.4,3.4,4.9,3.3,6
11.69609856,1,25,3,4.8,7.2,7.9,5.2
11.69609856,1,25,3,5.5,5.7,7.1,5.2
30.22587269,0,33,4.6,6.2,8,7.1,5.2
30.22587269,0,33,5.4,7.6,5.7,7.1,6
38.01232033,0,33,3,4.1,8,7.1,3.7
21.61806982,1,37,3.8,4.8,4.9,7.1,6.7
39.06365503,1,31,6.2,4.8,4.1,4.8,5.2
138.9404517,0,30,5.4,6.9,2.6,5.6,8.3
23.6550308,1,26,4.6,5.5,8.7,5.6,1.3
20.56673511,1,33,6.2,4.1,3.3,8.7,9.8
94.12731006,0,25,6.2,3.4,6.4,6.3,7.5
2.102669405,0,32,5.4,5.5,3.3,7.9,8.3
96.65708419,0,36,6.2,6.2,5.7,4,5.2
34.49691992,0,38,1.4,4.8,5.7,6.3,6.7
46.78439425,1,23,3,6.2,8.7,4.8,6
80.16427105,1,26,4.6,5.5,8,4.8,5.2
11.89322382,1,24,7.8,6.2,4.9,1.7,3.7
79.86858316,1,25,7.8,6.9,3.3,3.3,5.2
2.201232033,1,33,5.4,6.2,7.2,2.5,5.2
16.82135524,0,32,5.4,7.6,8.7,2.5,2.9
6.045174538,0,44,4.6,4.8,8.7,4.8,6
1.741273101,1,24,6.2,4.8,8,4,2.9
24.18069815,1,23,6.2,3.4,6.4,4.8,3.7
38.01232033,0,25,6.2,3.4,6.4,4.8,3.7
5.749486653,1,34,8.6,5.5,1,6.3,9.8
12.02464066,1,30,5.4,4.1,4.9,6.3,6
8.31211499,1,29,9.4,5.5,3.3,3.3,5.2
15.21149897,1,30,4.6,6.9,7.2,3.3,6.7
93.9301848,0,29,4.6,7.6,7.2,2.5,4.4
27.56468172,0,26,3,6.9,7.2,4.8,5.2
49.14989733,1,28,7.8,6.9,4.1,3.3,7.5
86.6036961,1,33,3.8,8.4,8,4,4.4
86.6036961,1,33,4.6,9.1,4.9,3.3,2.9
53.35523614,1,27,7,5.5,4.9,6.3,8.3
139.0718686,1,32,7.8,4.8,4.1,3.3,7.5
28.35318275,1,31,7,6.2,1,9.4,7.5
23.12936345,0,23,6.2,4.8,7.2,4,6.7
15.14579055,1,22,6.2,2.6,7.2,5.6,6.7
160.0657084,1,24,1,6.9,9.5,4.8,7.5
19.71252567,1,23,7,4.8,4.1,5.6,6.7
16.82135524,0,32,3,4.1,7.2,7.1,8.3
15.86858316,0,42,1.4,4.1,9.5,7.1,5.2
70.30800821,1,22,5.4,4.1,8.7,4,2.1
2.792607803,1,39,7.8,4.8,1.8,8.7,8.3
13.01026694,1,34,3.8,2.6,8,9.4,6
88.90349076,0,30,4.6,2.6,7.2,7.1,6.7
123.0718686,1,28,3,8.4,3.3,7.9,8.3
59.99178645,0,31,4.6,4.8,8,4.8,6.7
59.99178645,0,31,6.2,6.9,7.2,4.8,5.2
26.67761807,1,32,3,8.4,7.2,6.3,7.5
18.00410678,0,40,3,6.9,4.9,5.6,6
16.59137577,1,22,8.6,6.2,2.6,5.6,9.8
2.759753593,1,41,3.8,8.4,2.6,4.8,7.5
23.68788501,1,24,3,4.8,7.2,7.9,5.2
23.68788501,1,24,3,5.5,5.7,7.1,5.2
16.42710472,1,26,6.2,5.5,3.3,6.3,8.3
45.96303901,1,36,5.4,5.5,7.2,4.8,4.4
12.02464066,1,30,5.4,4.1,4.9,6.3,6
73.65913758,1,30,4.6,4.8,5.7,8.7,6
2.759753593,0,31,7,3.4,8,7.9,6
26.94045175,1,24,5.4,4.8,4.9,4.8,5.2
2.431211499,1,28,6.2,3.4,4.9,7.9,7.5
68.27104723,1,24,7,4.1,2.6,7.9,7.5
68.27104723,1,24,7.8,6.2,2.6,5.6,6.7
1.642710472,1,44,4.6,7.6,5.7,2.5,6
76.15605749,0,24,7,6.2,1.8,6.3,7.5
12.35318275,1,39,6.2,3.4,6.4,6.3,7.5
58.21765914,0,35,8.6,5.5,3.3,4.8,6.7
32.49281314,1,40,6.2,6.2,5.7,4.8,7.5
6.275154004,1,30.40033257,7.8,6.2,4.9,4,8.3
5.026694045,1,26,4.6,6.2,5.7,4,6
5.026694045,1,26,4.6,5.5,6.4,5.6,5.2
22.66940452,0,31,5.4,5.5,4.9,5.6,6.7
27.36755647,0,26,9.4,6.2,2.6,4,6
27.36755647,0,26,6.2,7.6,4.1,3.3,6.7
150.1437372,1,33,5.4,3.4,5.7,7.1,5.2
53.2238193,0,23,8.6,5.5,2.6,4.8,7.5
5.9137577,0,32,3.8,6.2,8,4,6.7
53.97946612,1,28,7.8,6.9,2.6,6.3,7.5
73.82340862,0,26,10,5.5,2.6,6.3,6.7
27.49897331,1,27,3.8,1.9,9.5,7.1,2.1
44.48459959,0,22,4.6,2.6,6.4,9.4,6
54.01232033,1,37,10,3.4,3.3,6.3,10
8.574948665,1,38,4.6,4.1,4.1,8.7,8.3
64.29568789,1,44,2.2,5.5,8.7,7.1,6.7
27.23613963,0,27,7,6.9,5.7,3.3,6.7
23.9835729,1,23,4.6,6.9,7.2,3.3,2.1
23.9835729,1,23,4.6,6.9,7.2,2.5,2.9
23.9835729,1,23,4.6,6.9,7.2,3.3,2.1
23.9835729,1,23,4.6,6.9,7.2,2.5,2.9
37.78234086,1,34,4.6,2.6,5.7,7.9,7.5
17.80698152,0,23,3.8,9.1,8.7,4.8,5.2
95.44147844,0,25,6.2,3.4,6.4,6.3,7.5
27.59753593,0,26,4.6,6.2,5.7,6.3,4.4
27.59753593,0,26,3.8,4.1,8.7,7.9,5.2
72.41067762,0,30,6.2,2.6,6.4,5.6,6
2.98973306,1,45,3,8.4,7.2,7.1,6
11.53182752,0,31,5.4,6.2,6.4,4,3.7
11.53182752,0,31,3.8,3.4,8,6.3,6
23.52361396,1,36,4.6,4.1,4.9,5.6,3.7
23.52361396,1,36,6.2,4.8,5.7,4,2.9
40.04928131,0,29,5.4,6.2,4.1,5.6,8.3
54.04517454,1,30,5.4,4.1,4.9,8.7,7.5
20.92813142,1,23,3,6.9,5.7,7.9,5.2
20.92813142,1,23,4.6,6.9,7.2,4.8,5.2
11.99178645,1,27,6.2,6.9,3.3,4.8,6.7
44.97741273,1,29,3,4.8,4.9,6.3,7.5
14.22587269,1,28,7,6.9,6.4,2.5,5.2
58.94045175,0,46,3,6.2,8,5.6,3.7
61.73305955,1,23,4.6,6.9,7.2,3.3,2.1
61.73305955,1,23,4.6,6.9,7.2,2.5,2.9
140.9445585,0,26,3.8,1.9,8.7,6.3,4.4
140.9445585,0,26,5.4,2.6,8,7.1,5.2
6.176591376,1,38,6.2,6.2,8,2.5,3.7
6.176591376,1,38,4.6,6.2,8,4,3.7
94.9486653,1,26,3.8,7.6,7.2,7.9,4.4
70.17659138,0,31,4.6,5.5,7.2,3.3,2.9
70.17659138,0,31,4.6,5.5,7.2,4.8,3.7
57.23203285,1,36,3.8,5.5,6.4,5.6,6
45.73305955,0,33,7.8,6.2,6.4,7.9,6
45.73305955,0,33,3.8,3.4,5.7,8.7,7.5
29.01026694,1,28,9.4,3.4,4.9,3.3,6
11.99178645,1,27,6.2,6.9,3.3,4.8,6.7
27.36755647,0,26,6.2,5.5,4.9,5.6,6.7
105.9219713,0,28,5.4,3.4,7.2,6.3,3.7
3.449691992,1,40,6.2,5.5,4.9,4.8,7.5
4.533880903,1,23,1.4,9.8,6.4,3.3,6
35.77823409,1,22,7,4.1,5.7,5.6,8.3
40.31211499,0,29,6.2,3.4,4.1,7.9,7.5
40.31211499,0,29,6.2,3.4,4.1,7.9,7.5
2.201232033,1,23,6.2,2.6,7.2,6.3,7.5
40.3449692,0,29,6.2,3.4,4.1,7.9,7.5
40.37782341,0,29,6.2,3.4,4.1,7.9,7.5
11.23613963,1,26,3.8,4.8,6.4,8.7,6
85.09240246,0,26,7.8,4.8,6.4,4.8,6
9.823408624,1,26,4.6,5.5,5.7,8.7,6
64.19712526,0,19,4.6,6.2,7.2,5.6,6
14.45585216,0,33,6.2,4.8,6.4,2.5,4.4
21.15811088,1,24,6.2,4.8,8,4,2.9
28.78028747,0,31,7,2.6,7.2,4.8,4.4
155.1704312,1,33,5.4,3.4,5.7,7.1,5.2
13.86447639,1,22,7,2.6,7.2,6.3,6
13.01026694,1,25,9.4,6.2,3.3,2.5,6.7
2.759753593,0,28,6.2,5.5,3.3,6.3,8.3
2.825462012,0,32,7,5.5,3.3,7.1,6.7
4.008213552,1,22,2.2,8.4,4.9,7.1,6.7
10.34907598,1,37,7,7.6,2.6,5.6,8.3
34.03696099,1,27,7.8,4.8,3.3,5.6,6.7
34.03696099,1,27,10,4.1,1.8,6.3,8.3
11.95893224,1,35,6.2,4.1,6.4,5.6,6.7
164.5667351,0,27,3.8,4.8,4.9,6.3,5.2
32.95277207,1,24,2.2,4.1,6.4,9.4,6
5.32238193,1,25,5.4,3.4,8,6.3,2.1
40.3449692,1,23,5.4,6.2,3.3,4,6
34.23408624,0,24,8.6,6.9,4.9,1.7,4.4
96,1,31,4.6,2.6,6.4,10,4.4
7.030800821,1,35,5.4,6.2,4.9,4,2.9
26.94045175,1,21,3,5.5,7.2,5.6,2.1
115.5482546,0,19,7,6.2,5.7,2.5,5.2
28.58316222,1,21,7,9.1,1.8,4.8,6
26.31622177,1,24,5.4,4.1,2.6,7.9,6
29.27310062,0,35,5.4,4.8,5.7,4,3.7
57.82340862,1,25,7,5.5,4.1,6.3,8.3
133.9137577,1,19,6.2,3.4,5.7,7.1,6.7
133.9137577,1,19,4.6,6.9,5.7,7.1,5.2
39.72073922,0,30.40033257,6.2,6.2,4.1,2.5,5.2
38.01232033,0,35,7.8,1.9,3.3,4,6.7
27.40041068,0,43,4.6,5.5,6.4,4,5.2
25.42915811,1,22,6.2,4.8,3.3,7.1,9
32.52566735,1,48,6.2,6.2,6.4,3.3,6.7
23.2936345,0,29,9.4,6.2,4.1,4.8,7.5
23.2936345,0,29,7,6.2,5.7,4.8,5.2
49.28131417,0,33,7.8,6.2,6.4,7.9,6
49.28131417,0,33,3.8,3.4,5.7,8.7,7.5
18.1026694,1,44,3,6.9,4.1,7.9,5.2
8.180698152,1,24,7,5.5,4.9,4.8,2.9
42.48049281,1,42,3,6.9,6.4,5.6,6
42.48049281,1,42,7,6.2,5.7,4.8,4.4
129.8069815,1,22,3,4.8,5.7,4.8,3.7
8.016427105,1,41,3.8,4.1,5.7,5.6,4.4
9.100616016,1,26,5.4,6.2,7.2,4.8,6.7
26.15195072,1,31,5.4,4.1,8.7,6.3,4.4
66.49691992,1,38,7,4.1,4.9,5.6,6.7
10.02053388,0,38,7.8,2.6,4.1,7.9,6.7
6.53798768,1,26,7,6.2,4.1,4.8,8.3
0.492813142,0,29,4.6,5.5,1.8,7.1,6.7
0.492813142,0,29,4.6,1,5.7,8.7,2.9
0.492813142,0,29,5.4,4.8,8,9.4,2.9
2.858316222,1,38,5.4,5.5,4.9,4.8,4.4
2.858316222,1,38,6.2,6.2,4.9,3.3,2.9
48.45995893,0,35,7,5.5,2.6,5.6,9
15.14579055,0,39,3.8,7.6,4.9,7.1,9
133.8809035,1,19,6.2,3.4,5.7,7.1,6.7
133.8809035,1,19,4.6,6.9,5.7,7.1,5.2
32.88706366,0,26,9.4,6.2,2.6,4,6
32.88706366,0,26,6.2,7.6,4.1,3.3,6.7
63.14579055,1,32,3,4.8,4.1,7.1,7.5
8.969199179,1,26,5.4,6.2,7.2,4.8,6.7
36.59958932,0,33,4.6,6.2,8,7.1,5.2
36.59958932,0,33,5.4,7.6,5.7,7.1,6
11.76180698,0,39,4.6,4.1,4.9,5.6,3.7
11.76180698,0,39,6.2,4.8,5.7,4,2.9
28.81314168,0,23,7,4.1,8,4.8,4.4
18.56262834,0,24,3.8,7.6,8,4.8,2.9
1.80698152,0,26,5.4,7.6,4.1,4.8,7.5
1.80698152,0,26,5.4,7.6,4.1,5.6,9
17.08418891,0,34,1.4,6.9,8,4,5.2
1.938398357,0,26,5.4,7.6,4.1,4.8,7.5
1.938398357,0,26,5.4,7.6,4.1,5.6,9
50.69404517,0,32,3.8,3.4,7.2,10,5.2
41.65913758,0,29,6.2,6.9,8.7,3.3,2.9
103.5893224,0,21,2.2,4.8,8.7,7.9,5.2
103.5893224,0,21,3.8,3.4,8.7,7.1,3.7
2.135523614,0,26,5.4,7.6,4.1,4.8,7.5
2.135523614,0,26,5.4,7.6,4.1,5.6,9
2.168377823,0,26,5.4,7.6,4.1,4.8,7.5
2.168377823,0,26,5.4,7.6,4.1,5.6,9
13.14168378,1,42,2.2,6.9,3.3,6.3,3.7
2.431211499,0,35,7,3.4,3.3,6.3,7.5
49.34702259,1,42,5.4,8.4,6.4,5.6,5.2
79.11293634,0,28,2.2,5.5,7.2,4.8,3.7
35.84394251,0,27,3,2.6,6.4,7.1,7.5
35.84394251,0,27,3,5.5,4.1,7.1,8.3
12.81314168,1,33,7.8,3.4,7.2,4,5.2
2.234086242,0,26,5.4,7.6,4.1,4.8,7.5
2.234086242,0,26,5.4,7.6,4.1,5.6,9
17.11704312,0,31,5.4,6.2,6.4,4,3.7
17.11704312,0,31,3.8,3.4,8,6.3,6
23.95071869,1,32,4.6,6.9,4.9,5.6,6
11.86036961,0,25,7.8,4.8,5.7,4.8,5.2
5.848049281,0,33,5.4,9.1,4.1,2.5,6
24.0164271,1,28,3.8,4.8,9.5,4.8,2.1
43.99178645,1,26,7.8,6.9,4.1,6.3,7.5
20.69815195,1,40,2.2,8.4,6.4,4.8,6.7
29.8973306,0,26,4.6,6.9,8,4,4.4
31.14579055,0,21,7.8,4.1,2.6,5.6,8.3
1.347022587,0,27,7,4.8,6.4,4.8,7.5
23.9835729,1,29,4.6,5.5,5.7,4.8,7.5
32.45995893,0,25,8.6,5.5,3.3,5.6,9.8
64.29568789,1,44,3,2.6,10,9.4,4.4
21.35523614,1,31,7.8,4.1,4.1,7.9,7.5
11.69609856,1,36,7,4.1,6.4,5.6,8.3
54.07802875,1,30,5.4,4.1,4.9,8.7,7.5
42.0862423,0,31,1.4,7.6,7.2,4,2.9
27.40041068,0,22,6.2,5.5,2.6,5.6,8.3
1.117043121,1,54,4.6,8.4,5.7,4,4.4
1.117043121,1,54,4.6,8.4,5.7,4,4.4
42.38193018,1,36,6.2,4.8,5.7,8.7,7.5
5.782340862,1,32,6.2,6.2,1.8,5.6,9
43.30184805,0,33,7,6.2,1,9.4,7.5
53.09240246,0,23,6.2,6.9,4.9,2.5,2.9
17.60985626,1,41,7.8,5.5,2.6,6.3,8.3
17.60985626,1,41,8.6,5.5,3.3,6.3,7.5
17.60985626,1,41,7,6.9,4.1,5.6,7.5
26.0862423,1,30,8.6,6.9,2.6,4,7.5
16.65708419,0,26,8.6,5.5,4.1,4,3.7
70.83367556,1,23,6.2,9.1,4.1,3.3,6.7
70.83367556,1,23,7,7.6,3.3,3.3,6.7
99.77823409,0,42,5.4,4.8,6.4,6.3,4.4
42.94045175,1,25,4.6,6.2,6.4,4,4.4
19.58110883,1,23,3.8,4.8,7.2,5.6,4.4
96,1,22,7,1.9,6.4,6.3,4.4
44.22176591,0,29,6.2,6.9,8.7,3.3,2.9
104.0164271,0,37,5.4,4.8,6.4,7.1,4.4
67.84394251,1,24,5.4,5.5,5.7,8.7,5.2
0.919917864,1,26,6.2,5.5,6.4,4,3.7
48.45995893,1,34,7,2.6,7.2,4.8,5.2
15.73716632,1,27,7,6.9,2.6,4,5.2
16.06570842,0,28,4.6,5.5,1.8,7.1,6.7
16.06570842,0,28,4.6,1,5.7,8.7,2.9
16.06570842,0,28,5.4,4.8,8,9.4,2.9
37.38809035,0,20,7.8,7.6,4.1,4,5.2
44.02464066,1,26,4.6,3.4,6.4,7.1,6
12.78028747,1,27,6.2,6.2,4.9,5.6,6
106.8418891,1,22,7,3.4,4.1,6.3,8.3
50.20123203,0,31,8.6,4.8,4.1,2.5,4.4
6.143737166,1,31,5.4,5.5,6.4,6.3,6.7
45.8973306,1,31,5.4,8.4,2.6,5.6,7.5
80.65708419,1,37,2.2,7.6,8,4,2.1
49.31416838,1,42,5.4,8.4,6.4,5.6,5.2
20.04106776,1,22,5.4,4.8,4.9,7.1,6.7
20.04106776,1,22,4.6,1.9,8,6.3,6
4.435318275,1,40,4.6,4.1,7.2,10,5.2
24.21355236,0,23,5.4,5.5,8,2.5,4.4
3.58110883,1,34,3,7.6,4.9,5.6,5.2
83.58110883,0,33,7,6.2,4.1,6.3,9
18.49691992,1,46,3.8,5.5,4.9,5.6,5.2
73.13347023,0,22,3.8,6.2,5.7,7.9,9
76.68172485,0,25,6.2,6.2,6.4,5.6,3.7
82.82546201,1,23,6.2,9.1,4.1,3.3,6.7
82.82546201,1,23,7,7.6,3.3,3.3,6.7
28.84599589,1,31,6.2,6.9,6.4,3.3,6.7
5.289527721,0,25,9.4,4.8,3.3,7.1,9
149.6180698,0,30,5.4,6.9,2.6,5.6,8.3
109.2402464,0,22,5.4,5.5,7.2,4,2.9
35.74537988,1,35,5.4,7.6,4.9,4,6
50.98973306,1,24,7.8,5.5,3.3,7.9,8.3
109.1088296,0,29,4.6,3.4,9.5,4.8,2.1
10.51334702,0,36,7.8,2.6,4.1,8.7,6.7
129.2813142,0,33,5.4,8.4,4.1,4.8,6.7
34.59548255,0,34,8.6,5.5,4.1,5.6,6.7
34.59548255,0,34,8.6,3.4,4.1,7.1,6
34.59548255,0,34,7.8,4.1,4.1,7.1,6.7
51.1211499,0,28,5.4,5.5,6.4,2.5,4.4
15.11293634,0,45,6.2,6.2,3.3,6.3,8.3
15.11293634,0,45,4.6,4.8,4.1,7.9,9
9.790554415,1,41,3,6.9,6.4,4.8,6
9.790554415,1,41,2.2,6.9,8,6.3,3.7
9.790554415,1,41,3,6.9,7.2,4.8,5.2
3.121149897,1,41,1.4,4.8,8.7,5.6,2.1
3.121149897,1,41,3,8.4,8,3.3,2.1
38.17659138,0,33,2.2,7.6,6.4,4.8,7.5
30.02874743,1,22,6.2,4.8,4.9,4.8,6.7
5.092402464,0,29,4.6,5.5,1.8,7.1,6.7
5.092402464,0,29,4.6,1,5.7,8.7,2.9
5.092402464,0,29,5.4,4.8,8,9.4,2.9
34.0698152,1,34,9.4,3.4,4.9,3.3,6
40.60780287,0,33,4.6,6.2,8,7.1,5.2
40.60780287,0,33,5.4,7.6,5.7,7.1,6
10.51334702,0,28,6.2,5.5,3.3,6.3,8.3
33.93839836,1,27,5.4,3.4,3.3,8.7,8.3
33.93839836,1,27,6.2,6.2,7.2,3.3,3.7
10.7761807,1,35,7.8,5.5,1.8,5.6,8.3
59.86036961,1,27,6.2,6.9,4.1,5.6,6
24.83778234,1,42,5.4,4.8,4.1,4.8,6
33.87268994,0,22,6.2,9.1,4.9,3.3,2.9
53.58521561,0,40,3.8,8.4,8,4,4.4
53.58521561,0,40,4.6,9.1,4.9,3.3,2.9
1.971252567,0,31,6.2,4.1,2.6,8.7,8.3
0.788501027,0,43,3,6.2,8,7.1,4.4
57.62628337,0,23,5.4,6.2,9.5,5.6,5.2
23.45790554,0,29,7.8,5.5,5.7,4,5.2
23.45790554,0,29,6.2,6.2,5.7,6.3,2.9
23.45790554,0,29,7,6.2,5.7,4,3.7
46.9486653,0,22,4.6,9.1,6.4,5.6,6
15.40862423,1,44,3.8,6.2,5.7,5.6,6.7
39.2936345,0,21,3.8,5.5,5.7,7.9,3.7
47.6386037,0,40,1.4,6.9,9.5,6.3,1.3
3.811088296,1,32,3.8,6.2,6.4,4,6
66.7926078,0,31,4.6,7.6,4.1,4,6
13.8973306,1,23,4.6,8.4,6.4,2.5,2.1
108.550308,1,27,3.8,6.2,8,5.6,6
86.66940452,0,25,4.6,7.6,9.5,2.5,1.3
86.66940452,0,25,5.4,5.5,7.2,5.6,2.9
18.33264887,1,39,3.8,7.6,6.4,4.8,5.2
133.4209446,1,29,5.4,6.9,2.6,7.9,6.7
8.180698152,1,24,6.2,3.4,7.2,2.5,3.7
8.180698152,1,24,6.2,5.5,7.2,7.1,4.4
13.33880903,1,33,9.4,5.5,1.8,4.8,6.7
55.78644764,1,27,4.6,6.9,7.2,2.5,6.7
12.97741273,1,29,3.8,4.8,6.4,7.9,6.7
32.32854209,0,29,3.8,4.8,6.4,7.9,6.7
163.8110883,1,19,4.6,5.5,6.4,7.9,6
31.96714579,1,29,4.6,3.4,10,6.3,1
4.862422998,0,27,5.4,4.1,5.7,7.1,3.7
13.73305955,0,29,6.2,3.4,4.9,7.9,7.5
51.94250513,0,33,6.2,4.8,4.9,5.6,5.2
22.57084189,1,30,7.8,3.4,4.9,5.6,5.2
19.44969199,0,31,7,2.6,4.1,8.7,5.2
73.98767967,0,33,7,6.2,3.3,6.3,7.5
8.739219713,0,34,9.4,7.6,1,4,5.2
48.45995893,1,34,7,2.6,7.2,4.8,5.2
14.85010267,1,29,3.8,3.4,8,6.3,6
63.54004107,1,31,3.8,5.5,3.3,9.4,9
49.31416838,1,42,5.4,8.4,6.4,5.6,5.2
13.27310062,1,34,6.2,4.8,4.1,5.6,6.7
17.83983573,1,39,6.2,7.6,4.1,2.5,4.4
114.1355236,1,38,3.8,3.4,9.5,7.1,2.9
8.147843943,0,42,3.8,8.4,2.6,4.8,7.5
8.082135524,1,33,7.8,6.9,2.6,4.8,8.3
26.94045175,1,44,3.8,6.2,4.9,6.3,10
1.478439425,1,28,6.2,3.4,6.4,8.7,6
94.81724846,0,30.40033257,6.2,4.1,4.1,6.3,7.5
12.78028747,1,24,8.6,4.8,4.1,6.3,5.2
19.87679671,1,29,6.2,6.2,4.9,4.8,7.5
34.82546201,0,27,10,2.6,4.1,5.6,9
96.72279261,1,30,6.2,7.6,4.9,4.8,8.3
12.12320329,1,39,3.8,6.9,5.7,5.6,3.7
10.64476386,1,26,7,4.1,2.6,8.7,9
4.402464066,0,40,7,6.2,4.1,6.3,9
2.36550308,0,28,7,6.9,2.6,4,5.2
17.51129363,0,39,4.6,4.1,4.9,5.6,3.7
17.51129363,0,39,6.2,4.8,5.7,4,2.9
18.16837782,0,24,5.4,4.8,4.9,7.1,6.7
18.16837782,0,24,4.6,1.9,8,6.3,6
10.38193018,0,34,6.2,1,7.2,4.8,6
7.852156057,0,23,4.6,7.6,8,5.6,2.1
84.04106776,0,28,2.2,5.5,7.2,4.8,3.7
8.213552361,0,30,6.2,6.2,6.4,3.3,4.4
9.593429158,1,34,7.8,7.6,3.3,2.5,7.5
43.92607803,1,32,6.2,4.8,2.6,5.6,9.8
82.75975359,0,20,3.8,6.9,5.7,6.3,6.7
27.92607803,0,25,7,4.1,5.7,5.6,8.3
3.811088296,1,23,7,4.8,7.2,4.8,4.4
48.09856263,1,25,7,4.1,5.7,6.3,7.5
8.640657084,1,25,7,2.6,6.4,7.9,5.2
30.68583162,0,37,5.4,6.9,5.7,5.6,6.7
26.34907598,0,36,3.8,8.4,5.7,6.3,6
18.13552361,0,23,7,5.5,4.1,4.8,6
7.227926078,0,26,7.8,6.2,3.3,7.1,6.7
23.2936345,1,32,6.2,6.2,7.2,3.3,2.9
100.238193,0,23,5.4,5.5,5.7,4.8,9.8
36.00821355,0,45,4.6,4.8,4.9,8.7,5.2
19.18685832,1,25,7,4.8,5.7,4.8,5.2
43.95893224,0,38,7.8,7.6,2.6,5.6,7.5
90.15195072,0,20,9.4,6.9,2.6,3.3,7.5
22.24229979,1,34,7.8,4.1,2.6,4.8,4.4
33.57700205,0,24,6.2,6.2,4.9,3.3,4.4
5.94661191,0,38,7,4.8,4.1,7.1,9
19.74537988,0,33,5.4,6.9,4.1,4.8,6
26.02053388,1,25,2.2,7.6,5.7,7.9,6
25.36344969,0,32,6.2,6.9,5.7,4.8,8.3
41.69199179,1,36,8.6,4.8,1.8,7.1,8.3
23.55646817,1,32,5.4,6.9,7.2,7.9,6.7
80.49281314,1,25,6.2,6.2,5.7,3.3,6.7
22.01232033,0,37,3,8.4,5.7,5.6,6.7
42.38193018,1,26,9.4,6.9,3.3,3.3,6
33.41273101,0,32,4.6,2.6,6.4,8.7,6
64.52566735,0,25,7.8,4.1,6.4,4,3.7
3.482546201,1,37,6.2,6.9,5.7,6.3,5.2
88.83778234,1,25,4.6,6.9,4.9,4,6
110.4887064,0,25,10,1.9,2.6,7.1,9.8
14.06160164,0,56,4.6,6.2,4.9,5.6,6.7
11.99178645,1,24,6.2,4.1,5.7,5.6,3.7
101.5195072,0,32,4.6,7.6,4.1,4.8,6
179.449692,0,24,7,4.8,2.6,5.6,8.3
12.38603696,0,24,5.4,6.9,5.7,5.6,4.4
24.90349076,0,24,3.8,7.6,8,4.8,2.9
61.99589322,0,31,5.4,4.8,8.7,5.6,4.4
24.47638604,0,27,8.6,5.5,4.9,3.3,3.7
63.70431211,0,37,6.2,6.9,3.3,7.1,6.7
5.388090349,1,38,1.4,4.1,7.2,6.3,7.5
64.75564682,0,35,7,6.2,7.2,2.5,5.2
64.75564682,0,35,8.6,6.9,5.7,3.3,4.4
2.694045175,0,29,7,5.5,8,5.6,8.3
2.39835729,0,25,6.2,2.6,5.7,5.6,6.7
26.87474333,1,26,8.6,4.1,4.9,5.6,5.2
144.7556468,0,27,5.4,9.1,3.3,4.8,6
45.30595483,1,34,7,1.9,9.5,5.6,6
45.30595483,1,34,6.2,2.6,8.7,6.3,6
45.30595483,1,34,5.4,2.6,10,3.3,3.7
45.30595483,1,34,4.6,5.5,10,2.5,5.2
6.078028747,0,35,5.4,5.5,7.2,5.6,2.9
22.63655031,1,36,7.8,1.9,4.1,7.1,9
96.59137577,0,46,4.6,8.4,4.9,7.9,6
10.90759754,1,32,7.8,5.5,4.9,6.3,9
16.95277207,0,38,7,1.9,9.5,5.6,6
16.95277207,0,38,6.2,2.6,8.7,6.3,6
16.95277207,0,38,5.4,2.6,10,3.3,3.7
16.95277207,0,38,4.6,5.5,10,2.5,5.2
61.2073922,0,25,6.2,6.2,3.3,6.3,6.7
9.264887064,1,23,7,5.5,3.3,4.8,6.7
81.64271047,0,31,4.6,5.5,7.2,3.3,2.9
81.64271047,0,31,4.6,5.5,7.2,4.8,3.7
55.95071869,0,40,3.8,8.4,8,4,4.4
55.95071869,0,40,4.6,9.1,4.9,3.3,2.9
49.7412731,0,40,1.4,6.9,9.5,6.3,1.3
57.10061602,0,26,4.6,6.9,4.9,5.6,6.7
163.7782341,0,23,4.6,6.2,8,7.1,5.2
163.7782341,0,23,5.4,7.6,5.7,7.1,6
54.01232033,1,37,7.8,4.8,2.6,5.6,9.8
23.75359343,0,34,3.8,6.9,7.2,5.6,5.2
1.412731006,1,29,4.6,4.1,6.4,4.8,4.4
59.89322382,1,27,6.2,6.9,4.1,5.6,6
27.4661191,0,31,5.4,5.5,3.3,7.9,8.3
89.19917864,1,18,7.8,5.5,2.6,7.1,7.5
47.21149897,0,31,7,4.8,6.4,4,6.7
21.48665298,0,27,5.4,7.6,6.4,4,4.4
8.344969199,0,35,5.4,6.9,7.2,7.9,6.7
48.19712526,0,39,3,7.6,9.5,3.3,4.4
48.19712526,0,39,3,7.6,8,4,1.3
42.18480493,0,27,3,2.6,6.4,7.1,7.5
42.18480493,0,27,3,5.5,4.1,7.1,8.3
39.22792608,1,37,6.2,6.9,4.1,6.3,8.3
39.22792608,1,37,3.8,9.1,4.9,5.6,7.5
39.22792608,1,37,6.2,6.9,4.1,6.3,8.3
39.22792608,1,37,3.8,9.1,4.9,5.6,7.5
43.69609856,0,36,5.4,6.9,5.7,5.6,6.7
14.22587269,0,31,6.2,6.2,5.7,3.3,6.7
33.90554415,0,23,6.2,4.1,8,4,4.4
70.34086242,0,31,1.4,7.6,8,5.6,1
39.88501027,0,22,8.6,2.6,6.4,6.3,6.7
144.5913758,1,30,8.6,2.6,4.9,7.1,7.5
15.17864476,0,45,3.8,6.9,8,6.3,5.2
57.65913758,0,33,7.8,6.2,6.4,7.9,6
57.65913758,0,33,3.8,3.4,5.7,8.7,7.5
47.96714579,1,33,7,6.2,1,9.4,7.5
42.25051335,1,18,6.2,6.2,4.1,2.5,5.2
12.68172485,1,36,6.2,5.5,5.7,5.6,6.7
15.93429158,0,41,7.8,7.6,4.1,1.7,5.2
29.47022587,1,29,6.2,5.5,4.9,5.6,9.8
1.18275154,0,50,4.6,6.2,8,4.8,5.2
56.73921971,0,34,6.2,4.1,7.2,4.8,1
116.7310062,1,38,7.8,9.1,2.6,4,9
39.68788501,0,25,6.2,6.9,2.6,5.6,7.5
49.87268994,1,30.40033257,10,5.5,4.1,4,7.5
12.22176591,1,27,3.8,3.4,2.6,10,9
19.28542094,1,38,7,6.9,4.1,4,6.7
43.86036961,0,29,8.6,6.2,4.9,4.8,9
131.613963,0,26,3,6.9,4.9,6.3,6
13.9301848,0,27,7,4.8,6.4,4.8,4.4
18.92402464,0,43,6.2,4.1,5.7,7.1,8.3
81.83983573,1,34,3.8,3.4,7.2,8.7,7.5
16.75564682,0,31,8.6,4.8,2.6,7.9,6.7
20.69815195,0,27,7.8,4.8,1.8,6.3,6
51.31827515,0,28,7,4.8,5.7,2.5,4.4
6.242299795,0,21,7,6.2,4.1,4.8,6.7
7.030800821,1,39,7,4.1,2.6,7.9,7.5
7.030800821,1,39,7.8,6.2,2.6,5.6,6.7
2.266940452,1,39,2.2,6.9,8.7,6.3,5.2
26.54620123,1,27,8.6,7.6,1,5.6,10
79.01437372,1,29,1.4,4.1,10,4.8,1.3
0.525667351,0,49,5.4,2.6,4.1,6.3,6.7
140.2217659,0,27,3.8,6.2,4.1,7.9,5.2
26.57905544,1,28,3.8,9.1,6.4,4.8,6.7
25.52772074,1,27,7,4.8,4.9,5.6,6.7
5.125256674,0,23,4.6,6.2,4.9,6.3,8.3
40.11498973,0,41,1.4,6.9,9.5,6.3,1.3
32.32854209,0,49,3,3.4,8.7,5.6,3.7
1.708418891,0,30,6.2,4.8,7.2,4.8,3.7
50.29979466,0,21,4.6,6.9,7.2,7.1,1.3
70.50513347,1,24,7.8,5.5,7.2,5.6,3.7
14.58726899,1,34,3.8,4.8,6.4,7.9,6.7
37.15811088,1,38,7,3.4,5.7,8.7,5.2
27.33470226,0,32,7.8,5.5,2.6,4,7.5
32.85420945,1,58,5.4,4.8,6.4,4.8,6
5.453798768,0,29,7,5.5,8,5.6,8.3
79.54004107,0,23,4.6,5.5,8.7,4.8,4.4
12.64887064,0,36,4.6,6.9,4.9,5.6,6
20.30390144,0,45,6.2,6.2,3.3,6.3,8.3
20.30390144,0,45,4.6,4.8,4.1,7.9,9
10.48049281,1,28,7,4.1,3.3,4.8,6.7
11.03901437,1,37,4.6,4.8,8,5.6,8.3
128.1314168,0,32,7.8,6.9,4.1,3.3,7.5
5.585215606,0,37,6.2,6.9,4.1,4,8.3
61.07597536,0,29,1,5.5,10,7.1,2.9
110.0287474,0,25,6.2,3.4,6.4,6.3,7.5
52.27104723,0,27,3.8,6.2,4.1,9.4,6.7
5.650924025,0,42,1.4,7.6,8.7,4.8,5.2
22.66940452,1,32,1.4,7.6,9.5,6.3,5.2
6.275154004,0,28,2.2,7.6,5.7,5.6,2.9
10.61190965,0,40,4.6,7.6,5.7,6.3,7.5
23.81930185,1,22,7,4.8,2.6,7.1,6.7
50.89117043,1,34,3.8,3.4,5.7,7.9,6.7
38.53798768,0,40,3.8,6.2,8.7,6.3,4.4
16.62422998,0,24,5.4,4.8,6.4,5.6,3.7
28.02464066,0,34,6.2,1.2,7.2,6.3,9
31.50718686,0,29,3.8,2.6,6.4,7.9,8.3
5.158110883,0,40,3.8,4.1,7.2,8.7,6.7
4.928131417,0,23,5.4,4.8,5.7,7.1,6.7
12.68172485,1,36,6.2,5.5,5.7,5.6,6.7
40.87063655,1,35,6.2,7.6,4.1,6.3,6.7
36.59958932,0,24,5.4,1.9,6.4,9.4,6
103.7207392,0,34,4.6,3.4,8,5.6,5.2
9.199178645,1,44,7,7.6,6.4,6.3,6
16.78850103,0,29,3.8,7.6,8,6.3,4.4
34.29979466,0,34,7.8,4.8,7.2,6.3,7.5
16.85420945,0,28,4.6,4.8,5.7,6.3,4.4
16.62422998,0,23,3,4.8,6.4,5.6,3.7
42.61190965,0,37,4.6,6.2,8,4.8,6
16.65708419,0,29,2.2,7.6,6.4,9.4,6
16.65708419,0,29,2.2,5.5,7.2,7.1,6.7
82.7926078,0,23,6.2,2.6,8.7,4.8,5.2
1.839835729,0,32,4.6,4.1,6.4,5.6,6
73.42915811,0,29,4.6,4.8,7.2,6.3,2.9
0.394250513,1,36,3.8,7.6,2.6,7.9,4.4
123.6960986,0,32,3.8,9.1,4.9,4.8,6
12.97741273,1,26,7.8,6.9,4.1,4,4.4
7.819301848,0,30,5.4,3.4,3.3,8.7,8.3
7.819301848,0,30,6.2,6.2,7.2,3.3,3.7
155.3675565,0,30,5.4,6.9,2.6,5.6,8.3
15.70431211,0,24,5.4,4.1,6.4,6.3,2.1
19.31827515,0,28,4.6,4.8,7.2,6.3,5.2
20.99383984,0,26,10,4.1,1,7.1,7.5
2.792607803,0,41,7,4.8,3.3,5.6,7.5
37.12525667,1,38,3,3.4,7.2,5.6,5.2
18.16837782,1,24,5.4,6.9,7.2,2.5,4.4
11.66324435,0,37,7,4.1,6.4,5.6,8.3
5.092402464,0,47,5.4,7.6,4.9,4.8,6.7
22.70225873,0,26,5.4,5.5,4.9,7.9,6.7
3.778234086,0,46,3,4.1,6.4,5.6,5.2
3.449691992,0,30,6.2,7.6,3.3,6.3,7.5
11.03901437,1,37,7,6.2,3.3,5.6,9
9.034907598,0,30,5.4,3.4,3.3,8.7,8.3
9.034907598,0,30,6.2,6.2,7.2,3.3,3.7
24.83778234,0,34,5.4,4.1,3.3,7.9,7.5
5.519507187,0,23,4.6,6.9,5.7,4.8,9
32.26283368,1,35,5.4,4.1,4.1,7.1,7.5
52.66529774,1,42,7.8,5.5,8.7,4.8,6
4.041067762,0,41,3,3.4,7.2,5.6,5.2
30.78439425,0,41,7.8,2.6,4.1,6.3,4.4
4.960985626,0,42,7.8,5.5,2.6,6.3,8.3
4.960985626,0,42,8.6,5.5,3.3,6.3,7.5
4.960985626,0,42,7,6.9,4.1,5.6,7.5
39.26078029,1,37,6.2,6.9,4.1,6.3,8.3
39.26078029,1,37,3.8,9.1,4.9,5.6,7.5
38.70225873,0,33,5.4,4.1,6.4,5.6,6.7
2.036960986,1,48,6.2,4.8,5.7,8.7,7.5
105.1663244,0,34,4.6,3.4,8,5.6,5.2
7.162217659,0,23,4.6,7.6,4.9,5.6,5.2
13.10882957,1,21,3.8,6.9,8.7,4,6.7
8.410677618,0,24,3.8,4.1,4.1,8.7,6
3.876796715,0,21,7,4.8,4.1,5.6,8.3
12.25462012,0,38,2.2,8.4,7.2,3.3,5.2
37.9137577,0,34,3,6.2,8.7,5.6,7.5
32.88706366,0,27,3,5.5,10,6.3,4.4
3.58110883,0,32,7,4.1,8.7,3.3,1
43.8275154,1,27,5.4,6.2,5.7,5.6,6.7
22.37371663,1,31,5.4,5.5,7.2,4.8,5.2
4.073921971,1,26,5.4,7.6,2.6,4.8,9
12.32032854,0,28,2.2,5.5,8.7,5.6,6
17.18275154,1,24,6.2,4.8,7.2,4,6.7
49.80698152,0,34,5.4,4.1,8,7.1,8.3
49.80698152,0,34,3,5.5,7.2,7.9,6
85.48665298,0,22,7,5.5,6.4,4.8,2.9
30.35728953,0,30,3.8,3.4,7.2,7.9,2.9
78.32443532,0,27,6.2,3.4,5.7,4.8,8.3
24.24640657,0,30,5.4,9.8,3.3,5.6,6.7
24.08213552,1,42,5.4,4.8,4.1,4.8,6
0.689938398,0,24,4.6,7.6,7.2,2.5,3.7
9.429158111,0,36,7,4.8,4.1,4,4.4
15.01437372,0,30,9.4,4.1,3.3,5.6,7.5
59.40041068,0,24,8.6,4.1,4.9,7.9,5.2
91.99178645,1,39,5.4,9.1,3.3,2.5,8.3
11.8275154,0,35,3.8,4.8,7.2,5.6,6.7
19.1211499,0,39,7.8,3.4,3.3,7.1,6.7
20.89527721,0,27,3,4.8,6.4,7.1,7.5
81.24845996,0,27,3,5.5,7.2,4.8,6.7
23.03080082,0,24,5.4,4.8,4.9,7.1,6.7
23.03080082,0,24,4.6,1.9,8,6.3,6
53.48665298,1,41,3.8,3.4,8,7.9,6
55.22792608,0,28,8.6,4.8,1,6.3,8.3
89.00205339,1,32,3.8,3.4,8.7,7.9,4.4
4.993839836,0,31,7.8,5.5,3.3,5.6,8.3
9.790554415,1,41,3,6.9,6.4,4.8,6
9.790554415,1,41,2.2,6.9,8,6.3,3.7
9.790554415,1,41,3,6.9,7.2,4.8,5.2
11.26899384,0,43,5.4,4.8,5.7,6.3,6.7
58.80903491,1,32,4.6,2.6,6.4,4.8,4.4
24.27926078,0,45,6.2,3.4,7.2,6.3,3.7
24.27926078,0,45,7,5.5,5.7,6.3,6
73.3963039,0,43,7.8,6.2,4.1,4,8.3
2.102669405,0,38,8.6,5.5,4.1,5.6,6.7
2.102669405,0,38,8.6,3.4,4.1,7.1,6
2.102669405,0,38,7.8,4.1,4.1,7.1,6.7
8.772073922,0,46,6.2,4.8,7.2,5.6,6.7
86.04517454,0,35,3,7.6,7.2,4.8,2.9
19.44969199,0,38,6.2,4.1,6.4,6.3,5.2
19.44969199,0,38,8.6,2.6,7.2,4.8,4.4
20.59958932,1,26,3,4.8,7.2,7.9,5.2
20.59958932,1,26,3,5.5,5.7,7.1,5.2
7.852156057,0,27,7,4.8,4.1,4.8,7.5
7.852156057,0,27,5.4,6.9,8,4.8,6
21.65092402,0,43,6.2,6.2,4.1,5.6,6.7
20.76386037,0,26,3,6.9,4.9,4.8,7.5
33.97125257,0,25,7,6.2,3.3,3.3,3.7
99.77823409,0,26,5.4,2.6,7.2,7.1,5.2
99.77823409,0,26,5.4,4.1,8.7,4.8,2.9
60.78028747,0,33,7.8,6.2,6.4,7.9,6
60.78028747,0,33,3.8,3.4,5.7,8.7,7.5
51.58110883,0,38,3.8,6.9,4.9,4.8,6
5.585215606,0,32,6.2,3.4,8,3.3,3.7
6.866529774,0,45,4.6,4.8,8.7,4.8,6
23.9835729,0,32,7.8,2.6,5.7,8.7,5.2
9.691991786,0,35,7.8,3.4,5.7,4,6
73.29774127,1,24,5.4,8.4,4.1,4.8,6
73.29774127,1,24,7.8,5.5,4.1,4.8,5.2
34.56262834,1,31,9.4,4.8,4.1,7.1,5.2
34.56262834,1,31,7.8,4.8,3.3,7.1,5.2
42.90759754,0,24,6.2,6.2,4.1,4.8,6
70.93223819,0,26,4.6,4.1,5.7,8.7,5.2
5.35523614,0,34,6.2,5.5,6.4,7.1,6
43.17043121,0,42,4.6,6.2,7.2,6.3,6
11.72895277,0,27,6.2,3.4,6.4,7.1,6.7
4.468172485,0,35,7,4.1,6.4,6.3,6.7
55.12936345,0,37,6.2,6.2,2.6,4.8,8.3
55.12936345,0,37,5.4,7.6,4.9,2.5,6.7
0.887063655,0,30,10,3.4,3.3,4,7.5
13.8973306,1,27,8.6,4.8,7.2,4,3.7
49.70841889,0,26,7,3.4,4.9,7.9,9
7.12936345,0,27,7,6.2,4.1,4.8,8.3
2.792607803,1,23,7,5.5,4.1,5.6,8.3
9.067761807,0,54,4.6,8.4,5.7,4,4.4
113.8398357,0,21,2.2,4.8,8.7,7.9,5.2
113.8398357,0,21,3.8,3.4,8.7,7.1,3.7
66.69404517,0,32,7.8,4.8,2.6,8.7,7.5
66.69404517,0,32,8.6,4.1,1.8,8.7,8.3
92.64887064,0,25,4.6,7.6,9.5,2.5,1.3
92.64887064,0,25,5.4,5.5,7.2,5.6,2.9
57.69199179,0,28,5.4,5.5,6.4,2.5,4.4
3.811088296,0,33,1.4,6.9,8,6.3,5.2
106.2176591,0,23,5.4,5.5,5.7,4.8,9.8
19.51540041,0,31,5.4,7.6,6.4,4.8,6
19.51540041,0,31,6.2,6.2,6.4,4,6
15.11293634,1,23,7.8,4.8,3.3,6.3,7.5
22.24229979,0,46,3,6.9,6.4,5.6,6
22.24229979,0,46,7,6.2,5.7,4.8,4.4
26.80903491,1,34,1.4,6.9,8,4,5.2
5.749486653,0,26,3.8,4.8,7.2,5.6,4.4
10.11909651,0,30,7.8,4.8,3.3,5.6,6.7
10.11909651,0,30,10,4.1,1.8,6.3,8.3
52.00821355,0,29,6.2,6.9,8.7,3.3,2.9
105.8234086,0,32,4.6,7.6,4.1,4.8,6
3.482546201,0,37,4.6,6.2,4.9,6.3,4.4
7.523613963,0,39,7,4.8,6.4,5.6,5.2
16.06570842,0,50,6.2,6.2,6.4,3.3,6.7
43.26899384,0,51,3.8,7.6,5.7,6.3,5.2
20.89527721,0,33,3.8,6.2,6.4,4.8,6.7
1.18275154,0,25,7,9.1,1.8,4.8,6
132.8952772,0,32,3.8,5.5,8.7,3.3,3.7
132.8952772,0,32,3,6.9,6.4,3.3,2.9
93.8973306,0,23,5.4,4.8,5.7,6.3,5.2
21.88090349,0,38,7,1.9,9.5,5.6,6
21.88090349,0,38,6.2,2.6,8.7,6.3,6
21.88090349,0,38,5.4,2.6,10,3.3,3.7
21.88090349,0,38,4.6,5.5,10,2.5,5.2
11.92607803,0,27,7,4.8,6.4,4.8,7.5
3.416837782,1,39,8.6,4.8,3.3,4,6.7
58.94045175,0,29,6.2,7.6,4.1,4,8.3
23.55646817,0,31,7,6.9,1.8,6.3,10
16.62422998,0,32,6.2,2.6,2.6,10,7.5
4.501026694,0,24,6.2,4.8,6.4,7.1,7.5
36.73100616,0,24,4.6,6.9,7.2,5.6,4.4
36.73100616,0,24,6.2,4.8,4.9,4.8,3.7
72.57494867,0,26,4.6,4.1,6.4,4.8,4.4
52.10677618,0,30,6.2,4.8,5.7,5.6,8.3
13.5687885,1,33,6.2,4.8,2.6,5.6,6.7
6.176591376,1,34,3.8,7.6,8.7,4,4.4
60.25462012,1,22,6.2,7.6,6.4,2.5,4.4
3.482546201,0,28,3.8,6.2,6.4,5.6,3.7
7.852156057,0,41,1.4,4.8,8.7,5.6,2.1
7.852156057,0,41,3,8.4,8,3.3,2.1
1.80698152,1,27,3,4.1,9.5,7.1,5.2
1.445585216,0,29,6.2,6.2,4.9,5.6,6
72.67351129,0,35,4.6,4.8,8,6.3,4.4
60.94455852,1,25,5.4,4.8,6.4,6.3,7.5
44.94455852,0,33,2.2,7.6,6.4,4.8,7.5
90.51334702,1,22,3,5.5,9.5,6.3,3.7
6.439425051,1,24,7.8,5.5,1.8,6.3,6.7
9.330595483,0,23,3.8,6.2,6.4,7.1,5.2
7.195071869,0,27,7.8,4.8,3.3,6.3,6.7
24.27926078,0,27,3,7.6,8.7,3.3,2.9
44.55030801,0,30,7,5.5,4.1,5.6,6.7
16,1,26,6.2,2.6,4.9,7.9,6
166.0780287,1,30,3.8,4.8,9.5,4,2.1
51.74537988,0,32,5.4,9.1,4.9,3.3,6.7
59.76180698,0,38,3.8,6.9,4.1,5.6,3.7
30.12731006,0,34,4.6,5.5,7.2,4.8,6
12.32032854,0,26,6.2,2.6,8,6.3,7.5
89.36344969,1,22,7,4.8,4.9,6.3,7.5
74.05338809,1,21,5.4,4.1,6.4,6.3,7.5
45.07597536,0,28,6.2,6.9,1.8,5.6,7.5
5.749486653,0,32,2.2,4.1,5.7,8.7,6
20.96098563,1,24,4.6,7.6,7.2,3.3,6.7
21.15811088,0,49,7,4.8,4.9,7.1,6
19.94250513,1,23,6.2,3.4,6.4,7.1,2.9
29.24024641,1,42,3.8,5.5,5.7,4.8,3.7
19.35112936,0,45,3.8,6.9,8,6.3,5.2
112.788501,0,23,4.6,1.9,7.2,5.6,7.5
48.62422998,0,40,6.2,6.2,6.4,5.6,5.2
103.5893224,0,25,7.8,3.4,5.7,5.6,8.3
52.79671458,0,29,6.2,6.9,8.7,3.3,2.9
33.67556468,0,42,1.4,4.1,9.5,7.1,5.2
65.3798768,0,32,5.4,5.5,4.9,8.7,7.5
50.0698152,0,37,3.8,8.4,4.9,4,8.3
31.34291581,0,22,6.2,4.1,8,4,1.3
31.34291581,0,22,4.6,4.1,9.5,6.3,1.3
142.75154,0,27,3.8,6.2,4.1,7.9,5.2
4.1724846,0,28,3.8,6.2,6.4,5.6,3.7
49.47843943,0,31,5.4,4.8,2.6,8.7,9.8
2.135523614,0,38,5.4,4.1,8,7.1,8.3
2.135523614,0,38,3,5.5,7.2,7.9,6
75.8275154,0,23,2.2,6.2,8.7,4,2.1
67.4825462,0,36,4.6,6.9,3.3,6.3,9
9.133470226,0,22,7.8,8.4,2.6,4,6.7
9.133470226,0,22,7.8,7.6,3.3,4.8,6.7
33.28131417,0,40,3,6.9,8,4,3.7
32,0,22,7,3.4,4.9,7.1,6.7
53.42094456,0,37,3,4.8,4.1,7.1,7.5
45.5687885,1,25,7,6.2,6.4,4,5.2
9.757700205,0,37,6.2,4.1,4.9,7.9,6.7
14.55441478,0,30,5.4,2.6,3.3,7.9,6
8.837782341,0,24,4.6,6.2,5.7,6.3,6.7
12.78028747,1,35,5.4,5.5,3.3,4.8,6.7
14.48870637,0,30,3.8,4.1,8.7,4.8,5.2
14.48870637,0,30,5.4,3.4,9.5,6.3,3.7
14.48870637,0,30,3.8,4.1,8.7,4.8,5.2
14.48870637,0,30,5.4,3.4,9.5,6.3,3.7
1.675564682,0,36,5.4,4.8,6.4,4.8,6.7
113.0513347,0,30,4.6,6.9,4.1,6.3,7.5
48.6899384,0,25,6.2,3.4,7.2,2.5,3.7
48.6899384,0,25,6.2,5.5,7.2,7.1,4.4
29.30595483,1,25,6.2,8.4,5.7,4,6
13.10882957,1,26,3,3.4,6.4,7.1,6
7.12936345,1,21,5.4,6.9,7.2,2.5,4.4
54.9650924,0,22,5.4,5.5,6.4,7.9,6
74.74332649,1,25,4.6,2.6,8,4,2.9
84.89527721,0,31,4.6,3.4,7.2,7.1,4.4
35.94250513,0,33,5.4,4.8,2.6,7.9,9
50.23408624,0,38,7.8,7.6,2.6,5.6,7.5
57.52772074,0,24,6.2,3.4,2.6,7.1,5.2
4.76386037,0,30,7.8,2.6,4.1,8.7,6.7
30.71868583,0,32,4.6,2.6,7.2,6.3,5.2
55.95071869,0,28,5.4,4.8,4.9,7.9,5.2
58.4476386,0,24,6.2,5.5,3.3,7.9,6.7
38.89938398,0,36,4.6,4.8,4.1,7.1,10
9.49486653,0,26,6.2,5.5,5.7,6.3,5.2
42.57905544,0,26,6.2,6.2,5.7,5.6,7.5
42.57905544,0,26,6.2,7.6,4.1,4.8,9
114.8583162,1,26,7,5.5,4.9,4.8,7.5
18.7926078,0,30,7,2.6,4.1,8.7,9
10.51334702,0,37,6.2,4.1,4.9,7.9,6.7
51.08829569,1,31,6.2,2.6,4.9,6.3,6.7
40.47638604,0,26,6.2,3.4,5.7,6.3,7.5
5.420944559,1,44,3,6.2,10,4,3.7
71.22792608,1,23,3.8,4.1,8,7.9,5.2
15.34291581,0,33,4.6,6.2,9.5,5.6,4.4
21.48665298,0,31,9.4,5.5,3.3,3.3,5.2
12.32032854,0,36,7,4.8,4.1,4,4.4
3.252566735,1,39,2.2,9.8,7.2,3.3,2.1
11.79466119,0,29,4.6,4.1,8.7,4.8,4.4
108.8788501,1,32,7.8,7.6,4.1,1.7,5.2
21.88090349,0,41,7.8,7.6,4.1,1.7,5.2
37.32238193,0,25,4.6,5.5,8.7,4,3.7
23.95071869,1,34,9.4,4.8,4.1,7.1,5.2
23.95071869,1,34,7.8,4.8,3.3,7.1,5.2
51.31827515,0,43,4.6,5.5,3.3,7.9,7.5
15.60574949,0,54,7.8,2.6,4.9,8.7,7.5
1.149897331,0,30,7.8,3.4,1.8,7.1,7.5
51.8110883,0,23,7,8.4,4.9,3.3,6.7
61.79876797,1,22,3.8,7.6,4.9,5.6,6
45.43737166,0,35,6.2,5.5,4.9,6.3,6
17.24845996,0,37,6.2,2.6,7.2,7.1,2.9
25.98767967,0,23,6.2,6.2,7.2,4.8,5.2
19.05544148,0,26,3.8,3.4,8.7,7.1,6
29.70020534,0,47,1.4,5.5,6.4,10,5.2
29.70020534,0,47,2.2,5.5,7.2,9.4,6
59.86036961,1,27,6.2,6.9,4.1,5.6,6
51.84394251,0,34,4.6,4.1,4.9,9.4,6.7
58.97330595,0,25,4.6,4.8,6.4,7.9,6.7
85.48665298,0,29,3.8,2.6,9.5,7.1,2.1
118.899384,1,31,9.4,8.4,3.3,3.3,8.3
32.32854209,1,31,7,4.8,6.4,2.5,4.4
38.86652977,1,32,5.4,4.8,7.2,4,8.3
56.77207392,1,36,4.6,4.1,6.4,7.1,2.1
56.77207392,1,36,5.4,3.4,6.4,4.8,2.9
9.691991786,0,34,4.6,4.8,4.1,7.1,9
7.950718686,0,39,7.8,4.1,2.6,7.9,6.7
8.87063655,1,38,3.8,4.1,5.7,4.8,9
8.27926078,1,29,8.6,4.8,2.6,8.7,7.5
8.772073922,0,32,6.2,4.8,5.7,4,7.5
3.121149897,0,32,9.4,6.2,4.1,4.8,7.5
3.121149897,0,32,7,6.2,5.7,4.8,5.2
33.01848049,0,23,5.4,6.2,7.2,3.3,2.1
5.815195072,1,25,4.6,5.5,6.4,5.6,7.5
5.256673511,1,34,3,6.2,8,4.8,2.9
19.18685832,0,43,6.2,5.5,3.3,7.9,9
8.180698152,0,30,3.8,5.5,2.6,9.4,3.7
27.86036961,0,31,9.4,5.5,2.6,4.8,5.2
3.318275154,0,25,7,2.6,4.9,7.9,5.2
11.72895277,0,22,7,4.8,5.7,7.1,7.5
27.56468172,0,41,3.8,6.9,2.6,7.1,6.7
36.33675565,0,32,7,9.1,3.3,2.5,6
78.91581109,1,21,4.6,6.9,4.9,7.1,6
23.45790554,0,29,6.2,9.1,4.1,3.3,6.7
23.45790554,0,29,7,7.6,3.3,3.3,6.7
132.4024641,0,25,4.6,6.9,2.6,4.8,6
45.79876797,1,27,3.8,9.1,4.1,4.8,4.4
32.45995893,1,32,3.8,4.1,6.4,7.9,6.7
45.53593429,1,39,3.8,6.9,4.1,7.1,7.5
43.4661191,0,28,6.2,3.4,4.9,6.3,6.7
97.44558522,0,28,7.8,4.8,3.3,6.3,7.5
25.33059548,0,32,8.6,3.4,3.3,6.3,2.1
29.96303901,0,32,3.8,7.6,4.9,4.8,4.4
52.73100616,1,45,5.4,4.1,8,4.8,3.7
52.73100616,1,45,5.4,5.5,5.7,4,8.3
52.73100616,1,45,3.8,8.4,5.7,3.3,7.5
20.46817248,0,31,2.2,6.9,6.4,4.8,2.1
42.94045175,1,23,4.6,7.6,5.7,4,5.2
89.36344969,1,22,7,4.8,4.9,6.3,7.5
90.90759754,0,32,7,4.1,4.1,5.6,6
9.921971253,0,20,9.4,4.8,2.6,4.8,9
16.49281314,0,34,9.4,5.5,1.8,4.8,6.7
51.87679671,1,19,9.4,6.2,3.3,4,6
34.95687885,0,38,7,2.6,6.4,5.6,5.2
95.96714579,0,33,4.6,3.4,6.4,6.3,6.7
0.755646817,1,43,7,5.5,4.1,4,5.2
16.65708419,0,38,5.4,4.8,5.7,4,3.7
17.41273101,1,27,7.8,5.5,5.7,6.3,6
79.54004107,0,34,3.8,5.5,6.4,4,4.4
86.83367556,1,24,3.8,6.2,8,4,2.9
59.00616016,1,36,3.8,4.1,8.7,6.3,5.2
46.22587269,1,29,7,6.2,2.6,6.3,7.5
153.100616,0,43,6.2,3.4,4.9,7.9,5.2
7.162217659,0,39,3,7.6,7.2,4,7.5
7.162217659,0,39,1.4,8.4,8,4.8,6
6.800821355,0,31,7.8,3.4,1.8,8.7,6.7
79.80287474,0,34,3.8,5.5,6.4,4,4.4
94.78439425,0,31,6.2,6.2,3.3,4,9
94.78439425,0,31,5.4,6.2,4.9,6.3,7.5
59.17043121,0,22,8.6,4.8,2.6,7.1,8.3
11.00616016,1,41,3.8,4.1,6.4,9.4,6
6.800821355,0,25,5.4,4.8,6.4,7.1,8.3
26.67761807,0,19,7,2.6,6.4,7.1,2.1
11.56468172,0,41,5.4,4.1,4.9,7.9,7.5
53.35523614,0,27,3,5.5,6.4,6.3,4.4
12.5174538,0,48,1.4,6.9,6.4,8.7,6
6.669404517,0,27,9.4,5.5,3.3,4,7.5
10.61190965,0,41,8.6,3.4,2.6,4.8,8.3
10.61190965,0,41,8.6,3.4,2.6,4.8,8.3
118.8008214,0,34,4.6,5.5,7.2,6.3,3.7
49.41273101,0,51,3.8,7.6,5.7,6.3,5.2
24.83778234,0,29,9.4,1.2,4.1,5.6,6.7
